,Content,Linkedin group,Date,Result
,"CMT-GlobalGroup of qT-Group seeks global cooperation with millions of partners in the trading services field as a volunteer, business development associates.

+ The explosion of Bitcoin/Ethereum/Metaverse options in the future and its impact on trading services business models.
+ The effects of climate change have changed the entire real estate market and investors' goals.

Come to us, billions of dollars worth of benefits are shared worthy of the value you have made, together expand your network and enhance your profile via direct access with leading partners in the industry.

Apply: https://www.linkedin.com/jobs/view/3115118704
Learn more about qT-Group: https://docs.google.com/document/d/1LboxS-2XDu0HouAq8LSmCeDZ4A0hZHMdmluIAEo3FTw/edit

Linkedin Page: https://www.linkedin.com/company/aa-globalgroup/
Website: https://qt-globalgroup.com/",https://www.linkedin.com/groups/1829444/,6/13/2022,https://www.linkedin.com/feed/update/urn:li:groupPost:5190684-6942049840356851712
0,"CMT-GlobalGroup of qT-Group seeks global cooperation with millions of partners in the trading services field as a volunteer, business development associates.

+ The explosion of Bitcoin/Ethereum/Metaverse options in the future and its impact on trading services business models.
+ The effects of climate change have changed the entire real estate market and investors' goals.

Come to us, billions of dollars worth of benefits are shared worthy of the value you have made, together expand your network and enhance your profile via direct access with leading partners in the industry.

Apply: https://www.linkedin.com/jobs/view/3115118704
Learn more about qT-Group: https://docs.google.com/document/d/1LboxS-2XDu0HouAq8LSmCeDZ4A0hZHMdmluIAEo3FTw/edit

Linkedin Page: https://www.linkedin.com/company/aa-globalgroup/
Website: https://qt-globalgroup.com/",https://www.linkedin.com/groups/5190684/,6/13/2022,https://www.linkedin.com/feed/update/urn:li:groupPost:5190684-6942049840356851712
1,"CMT-GlobalGroup of qT-Group seeks global cooperation with millions of partners in the trading services field as a volunteer, business development associates.

+ The explosion of Bitcoin/Ethereum/Metaverse options in the future and its impact on trading services business models.
+ The effects of climate change have changed the entire real estate market and investors' goals.

Come to us, billions of dollars worth of benefits are shared worthy of the value you have made, together expand your network and enhance your profile via direct access with leading partners in the industry.

Apply: https://www.linkedin.com/jobs/view/3115118704
Learn more about qT-Group: https://docs.google.com/document/d/1LboxS-2XDu0HouAq8LSmCeDZ4A0hZHMdmluIAEo3FTw/edit

Linkedin Page: https://www.linkedin.com/company/aa-globalgroup/
Website: https://qt-globalgroup.com/",https://www.linkedin.com/groups/2533342/,6/13/2022,https://www.linkedin.com/feed/update/urn:li:activity:6942049932228898816
2,"CMT-GlobalGroup of qT-Group seeks global cooperation with millions of partners in the trading services field as a volunteer, business development associates.

+ The explosion of Bitcoin/Ethereum/Metaverse options in the future and its impact on trading services business models.
+ The effects of climate change have changed the entire real estate market and investors' goals.

Come to us, billions of dollars worth of benefits are shared worthy of the value you have made, together expand your network and enhance your profile via direct access with leading partners in the industry.

Apply: https://www.linkedin.com/jobs/view/3115118704
Learn more about qT-Group: https://docs.google.com/document/d/1LboxS-2XDu0HouAq8LSmCeDZ4A0hZHMdmluIAEo3FTw/edit

Linkedin Page: https://www.linkedin.com/company/aa-globalgroup/
Website: https://qt-globalgroup.com/",https://www.linkedin.com/groups/4788769/,,You have not joined the group/Your request has not been accepted
3,"CMT-GlobalGroup of qT-Group seeks global cooperation with millions of partners in the trading services field as a volunteer, business development associates.

+ The explosion of Bitcoin/Ethereum/Metaverse options in the future and its impact on trading services business models.
+ The effects of climate change have changed the entire real estate market and investors' goals.

Come to us, billions of dollars worth of benefits are shared worthy of the value you have made, together expand your network and enhance your profile via direct access with leading partners in the industry.

Apply: https://www.linkedin.com/jobs/view/3115118704
Learn more about qT-Group: https://docs.google.com/document/d/1LboxS-2XDu0HouAq8LSmCeDZ4A0hZHMdmluIAEo3FTw/edit

Linkedin Page: https://www.linkedin.com/company/aa-globalgroup/
Website: https://qt-globalgroup.com/",https://www.linkedin.com/groups/4399991/,,You have shared this post previously
4,"CMT-GlobalGroup of qT-Group seeks global cooperation with millions of partners in the trading services field as a volunteer, business development associates.

+ The explosion of Bitcoin/Ethereum/Metaverse options in the future and its impact on trading services business models.
+ The effects of climate change have changed the entire real estate market and investors' goals.

Come to us, billions of dollars worth of benefits are shared worthy of the value you have made, together expand your network and enhance your profile via direct access with leading partners in the industry.

Apply: https://www.linkedin.com/jobs/view/3115118704
Learn more about qT-Group: https://docs.google.com/document/d/1LboxS-2XDu0HouAq8LSmCeDZ4A0hZHMdmluIAEo3FTw/edit

Linkedin Page: https://www.linkedin.com/company/aa-globalgroup/
Website: https://qt-globalgroup.com/",https://www.linkedin.com/groups/4182875/,6/13/2022,https://www.linkedin.com/feed/update/urn:li:activity:6942050152836702208
5,"CMT-GlobalGroup of qT-Group seeks global cooperation with millions of partners in the trading services field as a volunteer, business development associates.

+ The explosion of Bitcoin/Ethereum/Metaverse options in the future and its impact on trading services business models.
+ The effects of climate change have changed the entire real estate market and investors' goals.

Come to us, billions of dollars worth of benefits are shared worthy of the value you have made, together expand your network and enhance your profile via direct access with leading partners in the industry.

Apply: https://www.linkedin.com/jobs/view/3115118704
Learn more about qT-Group: https://docs.google.com/document/d/1LboxS-2XDu0HouAq8LSmCeDZ4A0hZHMdmluIAEo3FTw/edit

Linkedin Page: https://www.linkedin.com/company/aa-globalgroup/
Website: https://qt-globalgroup.com/",https://www.linkedin.com/groups/4182875/,,You have shared this post previously
6,"CMT-GlobalGroup of qT-Group seeks global cooperation with millions of partners in the trading services field as a volunteer, business development associates.

+ The explosion of Bitcoin/Ethereum/Metaverse options in the future and its impact on trading services business models.
+ The effects of climate change have changed the entire real estate market and investors' goals.

Come to us, billions of dollars worth of benefits are shared worthy of the value you have made, together expand your network and enhance your profile via direct access with leading partners in the industry.

Apply: https://www.linkedin.com/jobs/view/3115118704
Learn more about qT-Group: https://docs.google.com/document/d/1LboxS-2XDu0HouAq8LSmCeDZ4A0hZHMdmluIAEo3FTw/edit

Linkedin Page: https://www.linkedin.com/company/aa-globalgroup/
Website: https://qt-globalgroup.com/",https://www.linkedin.com/groups/13876578/,,You have not joined the group/Your request has not been accepted
7,"CMT-GlobalGroup of qT-Group seeks global cooperation with millions of partners in the trading services field as a volunteer, business development associates.

+ The explosion of Bitcoin/Ethereum/Metaverse options in the future and its impact on trading services business models.
+ The effects of climate change have changed the entire real estate market and investors' goals.

Come to us, billions of dollars worth of benefits are shared worthy of the value you have made, together expand your network and enhance your profile via direct access with leading partners in the industry.

Apply: https://www.linkedin.com/jobs/view/3115118704
Learn more about qT-Group: https://docs.google.com/document/d/1LboxS-2XDu0HouAq8LSmCeDZ4A0hZHMdmluIAEo3FTw/edit

Linkedin Page: https://www.linkedin.com/company/aa-globalgroup/
Website: https://qt-globalgroup.com/",https://www.linkedin.com/groups/3814519/,6/13/2022,https://www.linkedin.com/feed/update/urn:li:activity:6942050407409979392
8,"CMT-GlobalGroup of qT-Group seeks global cooperation with millions of partners in the trading services field as a volunteer, business development associates.

+ The explosion of Bitcoin/Ethereum/Metaverse options in the future and its impact on trading services business models.
+ The effects of climate change have changed the entire real estate market and investors' goals.

Come to us, billions of dollars worth of benefits are shared worthy of the value you have made, together expand your network and enhance your profile via direct access with leading partners in the industry.

Apply: https://www.linkedin.com/jobs/view/3115118704
Learn more about qT-Group: https://docs.google.com/document/d/1LboxS-2XDu0HouAq8LSmCeDZ4A0hZHMdmluIAEo3FTw/edit

Linkedin Page: https://www.linkedin.com/company/aa-globalgroup/
Website: https://qt-globalgroup.com/",https://www.linkedin.com/groups/2154029/,,You have not joined the group/Your request has not been accepted
9,"CMT-GlobalGroup of qT-Group seeks global cooperation with millions of partners in the trading services field as a volunteer, business development associates.

+ The explosion of Bitcoin/Ethereum/Metaverse options in the future and its impact on trading services business models.
+ The effects of climate change have changed the entire real estate market and investors' goals.

Come to us, billions of dollars worth of benefits are shared worthy of the value you have made, together expand your network and enhance your profile via direct access with leading partners in the industry.

Apply: https://www.linkedin.com/jobs/view/3115118704
Learn more about qT-Group: https://docs.google.com/document/d/1LboxS-2XDu0HouAq8LSmCeDZ4A0hZHMdmluIAEo3FTw/edit

Linkedin Page: https://www.linkedin.com/company/aa-globalgroup/
Website: https://qt-globalgroup.com/",https://www.linkedin.com/groups/2282804/,,You have not joined the group/Your request has not been accepted
10,"CMT-GlobalGroup of qT-Group seeks global cooperation with millions of partners in the trading services field as a volunteer, business development associates.

+ The explosion of Bitcoin/Ethereum/Metaverse options in the future and its impact on trading services business models.
+ The effects of climate change have changed the entire real estate market and investors' goals.

Come to us, billions of dollars worth of benefits are shared worthy of the value you have made, together expand your network and enhance your profile via direct access with leading partners in the industry.

Apply: https://www.linkedin.com/jobs/view/3115118704
Learn more about qT-Group: https://docs.google.com/document/d/1LboxS-2XDu0HouAq8LSmCeDZ4A0hZHMdmluIAEo3FTw/edit

Linkedin Page: https://www.linkedin.com/company/aa-globalgroup/
Website: https://qt-globalgroup.com/",https://www.linkedin.com/groups/2194960/,,You have not joined the group/Your request has not been accepted
11,"CMT-GlobalGroup of qT-Group seeks global cooperation with millions of partners in the trading services field as a volunteer, business development associates.

+ The explosion of Bitcoin/Ethereum/Metaverse options in the future and its impact on trading services business models.
+ The effects of climate change have changed the entire real estate market and investors' goals.

Come to us, billions of dollars worth of benefits are shared worthy of the value you have made, together expand your network and enhance your profile via direct access with leading partners in the industry.

Apply: https://www.linkedin.com/jobs/view/3115118704
Learn more about qT-Group: https://docs.google.com/document/d/1LboxS-2XDu0HouAq8LSmCeDZ4A0hZHMdmluIAEo3FTw/edit

Linkedin Page: https://www.linkedin.com/company/aa-globalgroup/
Website: https://qt-globalgroup.com/",https://www.linkedin.com/groups/3897774/,,You have not joined the group/Your request has not been accepted
12,"CMT-GlobalGroup of qT-Group seeks global cooperation with millions of partners in the trading services field as a volunteer, business development associates.

+ The explosion of Bitcoin/Ethereum/Metaverse options in the future and its impact on trading services business models.
+ The effects of climate change have changed the entire real estate market and investors' goals.

Come to us, billions of dollars worth of benefits are shared worthy of the value you have made, together expand your network and enhance your profile via direct access with leading partners in the industry.

Apply: https://www.linkedin.com/jobs/view/3115118704
Learn more about qT-Group: https://docs.google.com/document/d/1LboxS-2XDu0HouAq8LSmCeDZ4A0hZHMdmluIAEo3FTw/edit

Linkedin Page: https://www.linkedin.com/company/aa-globalgroup/
Website: https://qt-globalgroup.com/",https://www.linkedin.com/groups/12075768/,,You have not joined the group/Your request has not been accepted
13,"CMT-GlobalGroup of qT-Group seeks global cooperation with millions of partners in the trading services field as a volunteer, business development associates.

+ The explosion of Bitcoin/Ethereum/Metaverse options in the future and its impact on trading services business models.
+ The effects of climate change have changed the entire real estate market and investors' goals.

Come to us, billions of dollars worth of benefits are shared worthy of the value you have made, together expand your network and enhance your profile via direct access with leading partners in the industry.

Apply: https://www.linkedin.com/jobs/view/3115118704
Learn more about qT-Group: https://docs.google.com/document/d/1LboxS-2XDu0HouAq8LSmCeDZ4A0hZHMdmluIAEo3FTw/edit

Linkedin Page: https://www.linkedin.com/company/aa-globalgroup/
Website: https://qt-globalgroup.com/",https://www.linkedin.com/groups/4415224/,6/13/2022,https://www.linkedin.com/feed/update/urn:li:activity:6942050619767574528
14,"CMT-GlobalGroup of qT-Group seeks global cooperation with millions of partners in the trading services field as a volunteer, business development associates.

+ The explosion of Bitcoin/Ethereum/Metaverse options in the future and its impact on trading services business models.
+ The effects of climate change have changed the entire real estate market and investors' goals.

Come to us, billions of dollars worth of benefits are shared worthy of the value you have made, together expand your network and enhance your profile via direct access with leading partners in the industry.

Apply: https://www.linkedin.com/jobs/view/3115118704
Learn more about qT-Group: https://docs.google.com/document/d/1LboxS-2XDu0HouAq8LSmCeDZ4A0hZHMdmluIAEo3FTw/edit

Linkedin Page: https://www.linkedin.com/company/aa-globalgroup/
Website: https://qt-globalgroup.com/",https://www.linkedin.com/groups/12450839/,,You have not joined the group/Your request has not been accepted
15,"CMT-GlobalGroup of qT-Group seeks global cooperation with millions of partners in the trading services field as a volunteer, business development associates.

+ The explosion of Bitcoin/Ethereum/Metaverse options in the future and its impact on trading services business models.
+ The effects of climate change have changed the entire real estate market and investors' goals.

Come to us, billions of dollars worth of benefits are shared worthy of the value you have made, together expand your network and enhance your profile via direct access with leading partners in the industry.

Apply: https://www.linkedin.com/jobs/view/3115118704
Learn more about qT-Group: https://docs.google.com/document/d/1LboxS-2XDu0HouAq8LSmCeDZ4A0hZHMdmluIAEo3FTw/edit

Linkedin Page: https://www.linkedin.com/company/aa-globalgroup/
Website: https://qt-globalgroup.com/",https://www.linkedin.com/groups/7472174/,6/13/2022,https://www.linkedin.com/feed/update/urn:li:activity:6942050738617389057
16,"CMT-GlobalGroup of qT-Group seeks global cooperation with millions of partners in the trading services field as a volunteer, business development associates.

+ The explosion of Bitcoin/Ethereum/Metaverse options in the future and its impact on trading services business models.
+ The effects of climate change have changed the entire real estate market and investors' goals.

Come to us, billions of dollars worth of benefits are shared worthy of the value you have made, together expand your network and enhance your profile via direct access with leading partners in the industry.

Apply: https://www.linkedin.com/jobs/view/3115118704
Learn more about qT-Group: https://docs.google.com/document/d/1LboxS-2XDu0HouAq8LSmCeDZ4A0hZHMdmluIAEo3FTw/edit

Linkedin Page: https://www.linkedin.com/company/aa-globalgroup/
Website: https://qt-globalgroup.com/",https://www.linkedin.com/groups/3732005/,6/13/2022,https://www.linkedin.com/feed/update/urn:li:activity:6942050833450594304
17,"CMT-GlobalGroup of qT-Group seeks global cooperation with millions of partners in the trading services field as a volunteer, business development associates.

+ The explosion of Bitcoin/Ethereum/Metaverse options in the future and its impact on trading services business models.
+ The effects of climate change have changed the entire real estate market and investors' goals.

Come to us, billions of dollars worth of benefits are shared worthy of the value you have made, together expand your network and enhance your profile via direct access with leading partners in the industry.

Apply: https://www.linkedin.com/jobs/view/3115118704
Learn more about qT-Group: https://docs.google.com/document/d/1LboxS-2XDu0HouAq8LSmCeDZ4A0hZHMdmluIAEo3FTw/edit

Linkedin Page: https://www.linkedin.com/company/aa-globalgroup/
Website: https://qt-globalgroup.com/",https://www.linkedin.com/groups/13532499/,6/13/2022,https://www.linkedin.com/feed/update/urn:li:groupPost:13532499-6942050925406502912
18,"CMT-GlobalGroup of qT-Group seeks global cooperation with millions of partners in the trading services field as a volunteer, business development associates.

+ The explosion of Bitcoin/Ethereum/Metaverse options in the future and its impact on trading services business models.
+ The effects of climate change have changed the entire real estate market and investors' goals.

Come to us, billions of dollars worth of benefits are shared worthy of the value you have made, together expand your network and enhance your profile via direct access with leading partners in the industry.

Apply: https://www.linkedin.com/jobs/view/3115118704
Learn more about qT-Group: https://docs.google.com/document/d/1LboxS-2XDu0HouAq8LSmCeDZ4A0hZHMdmluIAEo3FTw/edit

Linkedin Page: https://www.linkedin.com/company/aa-globalgroup/
Website: https://qt-globalgroup.com/",https://www.linkedin.com/groups/43143/,6/13/2022,https://www.linkedin.com/feed/update/urn:li:groupPost:43143-6942051029756600320
