Name,Website
,https://www.linkedin.com/groups/53955
Volunteer Fire Fighters,https://www.linkedin.com/groups/1829444
View posts,https://www.linkedin.com/groups/4134200
International Volunteer HQ (IVHQ),https://www.linkedin.com/groups/4134200
Volunteer Coordinators,https://www.linkedin.com/groups/1911260
Volunteer Management Best Practices network,https://www.linkedin.com/groups/3980663
Volunteer Income Tax Assistance (VITA) Volunteers,https://www.linkedin.com/groups/1791903
HLSR - Houston Livestock Show & Rodeo Volunteer Group,https://www.linkedin.com/groups/978137
Association of Volunteer Managers,https://www.linkedin.com/groups/2197429
"PMI Project, Program and Portfolio Management Group",https://www.linkedin.com/groups/2784738
Volunteer Firefighters,https://www.linkedin.com/groups/53955
